tiles,num_threads,costs,best_costs,all_cost,log,trial
8.0,1024.0,8.82005397614876e-06,4.360221310875137e-06,1.218921422958374,0.49435313238060363,2.0
16.0,1024.0,6.034419295570932e-06,4.360221310875137e-06,1.1373789310455322,0.7225585590440158,2.0
12.0,1024.0,7.043658144403367e-06,4.360221310875137e-06,1.1351873874664307,0.6190279569912985,6.0
64.0,1024.0,4.92888044002896e-06,4.360221310875137e-06,1.615570068359375,0.8846271204844885,8.0
32.0,1024.0,4.360221310875137e-06,4.360221310875137e-06,1.5269749164581299,1.0,8.0
3.0,1024.0,1.8671461354676858e-05,4.360221310875137e-06,1.1695399284362793,0.2335233021159847,10.0
24.0,1024.0,5.4238512717595215e-06,4.360221310875137e-06,1.5805766582489014,0.8038976536059519,12.0
128.0,1024.0,5.628771175866119e-06,4.360221310875137e-06,1.125575304031372,0.774631118346042,16.0
96.0,1024.0,5.354385400522517e-06,4.360221310875137e-06,1.563220739364624,0.8143271327554489,18.0
