tiles,num_threads,costs,best_costs,all_cost,log,trial
384.0,1024.0,0.004163583405405405,0.004163583405405405,1.207005262374878,1.0,19.0
