tiles,num_threads,costs,best_costs,all_cost,log,trial
8.0,1024.0,0.0073236433125,0.004168303810810811,1.5943825244903564,0.5691571302627951,0.0
3.0,1024.0,0.01297260495,0.004168303810810811,1.570723533630371,0.32131586731243295,2.0
128.0,1024.0,0.004168303810810811,0.004168303810810811,1.2866263389587402,1.0,4.0
192.0,1024.0,0.004319917277777778,0.004168303810810811,1.3094978332519531,0.9649036180051672,6.0
96.0,1024.0,0.004183938333333334,0.004168303810810811,1.358121395111084,0.9962632043598819,10.0
4.0,1024.0,0.01079702925,0.004168303810810811,1.4399116039276123,0.3860602499350283,12.0
32.0,1024.0,0.00444689794117647,0.004168303810810811,1.3195669651031494,0.9373509052712924,14.0
24.0,1024.0,0.004658861242424243,0.004168303810810811,1.3766107559204102,0.8947044339620275,14.0
64.0,1024.0,0.004445195117647059,0.004168303810810811,1.313858985900879,0.9377099768383592,18.0
