tiles,num_threads,costs,best_costs,all_cost,log,trial
48.0,1024.0,0.0004908524613583138,0.00034506167182130586,1.3756003379821777,0.7029844993879266,2.0
256.0,1024.0,0.0007924758444444443,0.00034506167182130586,1.2508611679077148,0.435422321374612,2.0
32.0,1024.0,0.00034506167182130586,0.00034506167182130586,1.361821174621582,1.0,6.0
64.0,1024.0,0.00042555517038539556,0.00034506167182130586,1.3855128288269043,0.810850615464988,6.0
192.0,1024.0,0.0006727737927272727,0.00034506167182130586,1.342252254486084,0.5128940448505045,8.0
12.0,1024.0,0.0007161429184397163,0.00034506167182130586,1.3488779067993164,0.48183353201774703,12.0
128.0,1024.0,0.0005242308763157895,0.00034506167182130586,1.3322327136993408,0.6582246247041837,12.0
16.0,1024.0,0.0005695644902506963,0.00034506167182130586,1.3773374557495117,0.6058342430537154,14.0
24.0,1024.0,0.000483538795505618,0.00034506167182130586,1.3953564167022705,0.7136173457612395,18.0
