tiles,num_threads,costs,best_costs,all_cost,log,trial
128.0,1024.0,5.868854461276809e-06,4.2277390573634245e-06,1.4682865142822266,0.7203686997621765,0.0
64.0,1024.0,4.96686636326024e-06,4.2277390573634245e-06,1.5486328601837158,0.8511884049540536,4.0
32.0,1024.0,4.2277390573634245e-06,4.2277390573634245e-06,1.4623961448669434,1.0,6.0
8.0,1024.0,8.2579731685417e-06,4.2277390573634245e-06,1.0602123737335205,0.511958439568291,6.0
16.0,1024.0,5.767353614144566e-06,4.2277390573634245e-06,1.1192128658294678,0.7330466172552343,10.0
